OBJECTID,Park Name,Address,POINT_X,POINT_Y,PMA ID,Location ID,AMWO ID,Spatial Data Quality Level,GLOBALID,GIS_CREATOR,GIS_CRT_DT,GIS_EDITOR,GIS_EDT_DT,SE_ANNO_CAD_DATA,x,y
1987,MOUNT BAKER PARK,2521 Lake Park Dr S,,,419,,,QL-D3,239b79d1-7fd3-4633-ba1e-4168e6926597,SeattleParks_SeattleCityGIS,5/5/2025 10:22:17 PM,SeattleParks_SeattleCityGIS,5/5/2025 10:22:17 PM,System.Byte[],1281224.84593089,214712.004100382
1988,YESLER TERRACE PARK,903 E Yesler Wy,,,4263,,,QL-D3,17b26e32-d4d1-4bad-9cf7-1377304174ab,SeattleParks_SeattleCityGIS,5/5/2025 10:22:17 PM,SeattleParks_SeattleCityGIS,5/5/2025 10:22:17 PM,System.Byte[],1273604.01799673,222736.511345297
1989,Powell Barnett Park,2760 E Alder St,,,345,1953,FITEQP-PBARPK-OD,QL-D3,29cf6665-77cd-4234-96fd-eae977f5a2a2,SeattleParks_SeattleCityGIS,5/5/2025 10:22:17 PM,SeattleParks_SeattleCityGIS,5/5/2025 10:22:17 PM,System.Byte[],1279501.73290731,224023.974321544
1990,GREENWOOD PARK,8347 14th Ave NW,,,4408,,,QL-D3,089ff9e1-860a-494f-a741-0a8bfbd43cf3,SeattleParks_SeattleCityGIS,5/5/2025 10:22:17 PM,SeattleParks_SeattleCityGIS,5/5/2025 10:22:17 PM,System.Byte[],1266731.25943255,256581.16084747
1991,Sam Smith Park,1400 Martin Luther King Jr Way,,,4242,1600,FITEQP-I90-OD,QL-D3,0e3042e7-3ac4-47cf-ab04-26674f6fcbe8,SeattleParks_SeattleCityGIS,5/5/2025 10:22:17 PM,SeattleParks_SeattleCityGIS,5/5/2025 10:22:17 PM,System.Byte[],1279694.39787631,218673.104773968
1992,Bitter Lake Open Space Park,14201 Linden Ave N,1267666.00493839,270360.66281597,4450,1194,FITEQP-BTLKRSVR-OD,QL-D3,44e58697-20a7-4383-8505-2843dd8990e7,SeattleParks_SeattleCityGIS,5/5/2025 10:22:17 PM,SeattleParks_SeattleCityGIS,5/5/2025 10:22:17 PM,System.Byte[],1267598.13696389,270715.394718051
1993,North Rainier Landbank Site,3640 35th Ave S,,,4483,2600,,QL-D3,ba2a7308-7773-4d8a-b6cf-ad10ac3e090a,SeattleParks_SeattleCityGIS,5/5/2025 10:22:17 PM,SeattleParks_SeattleCityGIS,5/5/2025 10:22:17 PM,System.Byte[],1281000.90641814,211380.908400387
1994,Montlake Playfield,1618 E Calhoun St,,,376,1152,FITEQP-MTLKPF-OD,QL-D3,7124785d-ee3b-473f-a773-d6e1432474ca,SeattleParks_SeattleCityGIS,5/5/2025 10:22:17 PM,SeattleParks_SeattleCityGIS,5/5/2025 10:22:17 PM,System.Byte[],1276616.48539698,237527.370543048
1995,Pratt Park,1800 S Main St,,,390,2404,FITEQP-PRTPK-OD,QL-D3,7d87392f-1ddd-4e24-af49-5e0d10253412,SeattleParks_SeattleCityGIS,5/5/2025 10:22:17 PM,SeattleParks_SeattleCityGIS,5/5/2025 10:22:17 PM,System.Byte[],1276894.89363281,222707.51763688
1996,BAKER PARK ON CROWN HILL,8347 14th Ave NW,,,2840,,,QL-D3,5867960b-f5ba-4c20-aaa5-fefc459ff9eb,SeattleParks_SeattleCityGIS,5/5/2025 10:22:17 PM,SeattleParks_SeattleCityGIS,5/5/2025 10:22:17 PM,System.Byte[],1260798.36480232,255483.737189308
1997,Brighton Playfield,39th Ave S & S Juneau St,,,402,1115,FITEQP-BGTPF-OD,QL-D3,3ecec26a-e7f5-4b17-9f69-2dddc2c7ff6f,SeattleParks_SeattleCityGIS,5/5/2025 10:22:17 PM,SeattleParks_SeattleCityGIS,5/5/2025 10:22:17 PM,System.Byte[],1282386.88986665,203433.571932882
1998,"John C. Little, Sr. Park",6961 37th Avenue S,1281529.26526956,200055.26274464,429,2560,FITEQP-37MPK-OD,QL-D3,e080817f-cfb3-49a9-b19f-2ac8c426a9b5,SeattleParks_SeattleCityGIS,5/5/2025 10:22:17 PM,SeattleParks_SeattleCityGIS,5/5/2025 10:22:17 PM,System.Byte[],1281487.20301773,200092.166542217
1999,Rainier Beach Playfield,8825 Rainier Ave S,,,422,1160,FITEQP-RBPF-OD,QL-D3,cd871778-ec4e-4861-8064-5a94f7223f8b,SeattleParks_SeattleCityGIS,5/5/2025 10:22:17 PM,SeattleParks_SeattleCityGIS,5/5/2025 10:22:17 PM,System.Byte[],1284858.70382065,194808.014708966
2000,CHRISTIE PARK,817 NE 43rd St,,,595,,,QL-D3,1582a355-6385-4bce-8e91-c3f87ce3858d,SeattleParks_SeattleCityGIS,5/5/2025 10:22:17 PM,SeattleParks_SeattleCityGIS,5/5/2025 10:22:17 PM,System.Byte[],1274266.60066105,243976.684416056
2001,Hubbard Homestead Park,11203 5TH AVENUE NE,1273490.10582298,262533.83857463,4456,1398,FITEQP-HBHMPK-OD,QL-D3,921ad12e-6b41-442c-8d1c-a953b2182815,SeattleParks_SeattleCityGIS,5/5/2025 10:22:17 PM,SeattleParks_SeattleCityGIS,5/5/2025 10:22:17 PM,System.Byte[],1273486.96278465,262676.424247473
2002,University Playground,4745 9th Ave NE,1274156.48277105,245784.01577513,435,1180,FITEQP-UPG-OD,QL-D3,8c88a754-1004-452e-a423-9ef86e4bce7f,SeattleParks_SeattleCityGIS,5/5/2025 10:22:17 PM,SeattleParks_SeattleCityGIS,5/5/2025 10:22:17 PM,System.Byte[],1274117.90476422,245852.138342306
2003,Van Asselt Playground,7050 Beacon Ave S,,,431,1874,FITEQP-VAPG-OD,QL-D3,ec884899-f82b-4599-ae52-136a245d5c26,SeattleParks_SeattleCityGIS,5/5/2025 10:22:17 PM,SeattleParks_SeattleCityGIS,5/5/2025 10:22:17 PM,System.Byte[],1279187.70663248,200115.281981558
2004,S.W. COMMUNITY CENTER AND POOL,2801 SW Thistle St,,,3996,,,QL-D3,bc50ad41-f61d-4868-8ae8-7b678d3dfe3b,SeattleParks_SeattleCityGIS,5/5/2025 10:22:17 PM,SeattleParks_SeattleCityGIS,5/5/2025 10:22:17 PM,System.Byte[],1261067.31308331,196224.208398879
2005,Georgetown Playfield,750 S Homer St,,,410,2094,FITEQP-GTPF-OD,QL-D3,b961b64f-91dc-4ff4-ae40-b7cc470653c7,SeattleParks_SeattleCityGIS,5/5/2025 10:22:17 PM,SeattleParks_SeattleCityGIS,5/5/2025 10:22:17 PM,System.Byte[],1272886.37015381,204966.204038218
2006,Hiawatha Playfield,2700 California Ave SW,,,456,1788,FITEQP-HIPF-OD,QL-D3,87d9adf8-d466-46ed-8c0f-2d3fa68262c1,SeattleParks_SeattleCityGIS,5/5/2025 10:22:17 PM,SeattleParks_SeattleCityGIS,5/5/2025 10:22:17 PM,System.Byte[],1257798.86883281,214894.049996138
2007,Hing Hay Park,S King St & Maynard Ave S,,,358,1093,FITEQP-HAYPK-OD,QL-D3,0c5eafcf-5ac2-4922-a2c5-9e98a8851ff2,SeattleParks_SeattleCityGIS,5/5/2025 10:22:17 PM,SeattleParks_SeattleCityGIS,5/5/2025 10:22:17 PM,System.Byte[],1272168.76824255,221946.222571552
2008,Delridge Playfield,Delridge Way SW & SW Genesee St,,,450,1124,FITEQP-DELPF-OD,QL-D3,e9df0e08-ea12-4f2c-bf0d-512624c1c6dd,SeattleParks_SeattleCityGIS,5/5/2025 10:22:17 PM,SeattleParks_SeattleCityGIS,5/5/2025 10:22:17 PM,System.Byte[],1262429.21259047,209426.61900188
2009,Atlantic Street Park,1501 21st Ave S,1277202.16959307,218442.45825364,4243,2541,FITEQP-ATLSPK-OD,QL-D3,a7f1ac23-2a91-48a4-bea8-f81244cc9faa,SeattleParks_SeattleCityGIS,5/5/2025 10:22:17 PM,SeattleParks_SeattleCityGIS,5/5/2025 10:22:17 PM,System.Byte[],1277196.70077197,218448.317493886
