OBJECTID,NEIGH_NO,Neighborhood Name,Neighborhood Type,Neighborhood Subtype,ACS Vintage,Population 3 years and over enrolled in school,Enrolled in nursery school or preschool,Enrolled in kindergarten,Enrolled in elementary school (grades 1-8),Enrolled in high school (grades 9-12),Enrolled in college or graduate school,Population 25 years and over,Less than 9th grade,9th to 12th grade no diploma,High school graduate (includes equivalency),Some college no degree,Associate degree,Bachelor degree,Graduate or professional degree,Percent less than a high school education,Percent bachelor degree or higher,Less than a high school education,Bachelor degree or higher,Enrolled in nursery school or preschool public,Enrolled in nursery school or preschool private,Enrolled in kindergarten public,Enrolled in kindergarten private,Enrolled in elementary school (grades 1-8) public,Enrolled in elementary school (grades 1-8) private,Enrolled in high school (grades 9-12) public,Enrolled in high school (grades 9-12) private,Enrolled in college or graduate school public,Enrolled in college or graduate school private,Not Enrolled,Neighborhood Type (outside comp plan areas id)
1,1,Council District 1,CD,,5Y23,105074,2020,873,8309,3569,5864,83995,2046,2096,10683,14143,6198,29266,19563,4.9,58.1,4142,48829,673,1347,649,224,6500,1809,2927,642,4542,1322,84439,CD
2,2,Council District 2,CD,,5Y23,104699,1622,1184,8350,3853,8765,79989,6082,4166,13844,11294,5556,23170,15877,12.8,48.8,10248,39047,747,875,1068,116,6704,1646,3541,312,6032,2733,80925,CD
3,3,Council District 3,CD,,5Y23,106566,1096,740,4450,2723,10475,85851,1368,540,5660,10175,4099,35767,28242,2.2,74.6,1908,64009,340,756,503,237,3079,1371,1447,1276,6666,3809,87082,CD
4,4,Council District 4,CD,,5Y23,102149,1684,850,6297,3113,26244,64042,434,496,3105,6407,3112,24992,25496,1.5,78.8,930,50488,531,1153,624,226,4529,1768,2414,699,23752,2492,63961,CD
5,5,Council District 5,CD,,5Y23,102453,1959,812,7064,2979,6936,82610,1947,2128,9834,12862,5323,29469,21047,4.9,61.1,4075,50516,929,1030,621,191,5489,1575,2472,507,5470,1466,82703,CD
6,6,Council District 6,CD,,5Y23,101850,1888,989,7608,3136,5025,81894,581,368,4979,8594,3606,35347,28419,1.2,77.9,949,63766,331,1557,670,319,6012,1596,2503,633,3723,1302,83204,CD
7,7,Council District 7,CD,,5Y23,100601,955,521,2772,1154,7437,85037,880,1122,5678,9250,4643,33526,29938,2.4,74.6,2002,63464,374,581,407,114,1929,843,777,377,4458,2979,87762,CD
8,1.1,Arbor Heights,CRA,Southwest,5Y23,5992,179,77,724,216,187,4609,41,27,267,789,335,2060,1090,1.5,68.3,68,3150,17,162,64,13,446,278,209,7,168,19,4609,CRA
9,1.2,Fauntleroy/Seaview,CRA,Southwest,5Y23,14557,285,98,1300,417,631,12046,114,158,861,1930,729,5384,2870,2.3,68.5,272,8254,24,261,47,51,1031,269,327,90,534,97,11826,CRA
10,1.3,West Seattle Junction/Genesee Hill,CRA,Southwest,5Y23,23048,362,187,1716,740,1466,18495,49,291,1892,2831,1071,7097,5264,1.8,66.8,340,12361,40,322,122,65,1219,497,507,233,1046,420,18577,CRA
11,1.4,Alki/Admiral,CRA,Southwest,5Y23,11756,237,137,712,298,445,9880,98,110,851,1556,507,3652,3106,2.1,68.4,208,6758,13,224,94,43,342,370,206,92,313,132,9927,CRA
12,2.1,North Delridge,CRA,Delridge Neighborhoods,5Y23,5651,96,22,169,98,324,4892,50,91,583,861,472,1481,1354,2.9,58,141,2835,69,27,22,0,81,88,98,0,128,196,4942,CRA
13,2.2,High Point,CRA,Delridge Neighborhoods,5Y23,8808,241,78,1218,182,674,6375,336,185,1463,768,481,1842,1300,8.2,49.3,521,3142,161,80,78,0,1136,82,129,53,535,139,6415,CRA
14,2.3,Riverview,CRA,Delridge Neighborhoods,5Y23,4820,117,38,487,197,264,3698,122,83,586,672,341,1279,615,5.5,51.2,205,1894,77,40,22,16,413,74,166,31,251,13,3717,CRA
15,2.4,Roxhill/Westwood,CRA,Delridge Neighborhoods,5Y23,13690,321,93,1043,603,762,10653,387,392,1809,2205,1077,2979,1804,7.3,44.9,779,4783,214,107,93,0,972,71,536,67,596,166,10868,CRA
16,2.5,Highland Park,CRA,Delridge Neighborhoods,5Y23,7872,115,85,561,431,595,5984,398,166,873,1071,725,1761,990,9.4,46,564,2751,26,89,58,27,505,56,431,0,572,23,6085,CRA
17,3.1,South Park,CRA,Greater Duwamish,5Y23,3822,52,49,326,352,147,2681,387,248,677,324,158,614,273,23.7,33.1,635,887,32,20,49,0,305,21,313,39,143,4,2896,CRA
18,3.2,Georgetown,CRA,Greater Duwamish,5Y23,1127,15,9,29,5,130,1030,21,21,182,200,66,423,117,4.1,52.4,42,540,0,15,0,9,26,3,5,0,99,31,939,CRA
19,3.3,Duwamish/SODO,CRA,Greater Duwamish,5Y23,3320,0,0,100,88,300,2857,92,77,435,584,152,914,603,5.9,53.1,169,1517,0,0,0,0,100,0,88,0,142,158,2832,CRA
20,3.4,South Beacon Hill/NewHolly,CRA,Greater Duwamish,5Y23,15242,217,97,1532,695,1368,11027,1496,901,3215,1967,647,1844,957,21.7,25.4,2397,2801,217,0,81,16,1271,261,654,41,1224,144,11333,CRA
21,3.5,Beacon Hill,CRA,Greater Duwamish,5Y23,9054,259,166,712,323,512,6863,631,392,1531,927,632,1817,933,14.9,40.1,1023,2750,142,117,156,10,675,37,306,17,451,61,7082,CRA
22,3.6,North Beacon Hill/Jefferson Park,CRA,Greater Duwamish,5Y23,15038,244,33,748,503,1188,12039,850,508,1497,1314,769,4032,3069,11.3,59,1358,7101,137,107,33,0,618,130,493,10,892,296,12322,CRA
23,4.1,Rainier Beach,CRA,Southeast,5Y23,15226,109,322,1420,581,1278,11524,1033,604,2373,2125,1045,2803,1541,14.2,37.7,1637,4344,5,104,316,6,1363,57,516,65,909,369,11516,CRA
24,4.2,Columbia City,CRA,Southeast,5Y23,20423,350,230,1814,442,1448,16033,640,737,2451,2040,914,4743,4508,8.6,57.7,1377,9251,21,329,202,28,1317,497,435,7,1084,364,16139,CRA
25,4.3,Seward Park,CRA,Southeast,5Y23,10672,395,136,989,673,348,8030,178,90,1122,1097,636,2912,1995,3.3,61.1,268,4907,221,174,91,45,550,439,563,110,276,72,8131,CRA
26,4.4,Mt. Baker/North Rainier,CRA,Southeast,5Y23,6927,69,92,668,248,265,5543,177,235,515,736,303,2007,1570,7.4,64.5,412,3577,0,69,81,11,459,209,186,62,231,34,5585,CRA
27,5.1,Madrona/Leschi,CRA,Central,5Y23,11622,90,144,1097,723,687,8825,304,149,673,787,374,3255,3283,5.1,74.1,453,6538,44,46,97,47,799,298,398,325,550,137,8881,CRA
28,5.2,Judkins Park,CRA,Central,5Y23,4131,53,0,236,75,430,3416,164,61,502,605,169,1273,642,6.6,56.1,225,1915,19,34,0,0,214,22,56,19,326,104,3337,CRA
29,5.3,Central Area/Squire Park,CRA,Central,5Y23,21322,399,128,894,573,2294,16784,264,137,1190,2561,1152,6427,5053,2.4,68.4,401,11480,206,193,87,41,638,256,363,210,1154,1140,17034,CRA
30,6.1,First Hill,CRA,East,5Y23,19212,41,66,294,174,3245,14440,350,318,1395,2015,745,5340,4277,4.6,66.6,668,9617,0,41,66,0,257,37,173,1,1445,1800,15392,CRA
31,6.2,Capitol Hill,CRA,East,5Y23,26635,11,116,282,31,3308,22462,347,75,1586,3069,1011,10534,5840,1.9,72.9,422,16374,0,11,116,0,282,0,31,0,2196,1112,22887,CRA
32,6.3,North Capitol Hill,CRA,East,5Y23,4682,55,17,136,81,237,4160,54,24,109,346,330,1706,1591,1.9,79.3,78,3297,29,26,0,17,52,84,45,36,214,23,4156,CRA
33,6.4,Miller Park,CRA,East,5Y23,8036,100,92,389,406,541,6351,0,13,380,420,272,2827,2439,0.2,82.9,13,5266,30,70,86,6,174,215,291,115,289,252,6508,CRA
34,6.5,Madison Park,CRA,East,5Y23,5816,183,136,515,473,386,4226,24,14,72,409,85,1713,1909,0.9,85.7,38,3622,0,183,54,82,219,296,74,399,237,149,4123,CRA
35,7.1,Montlake/Portage Bay,CRA,Northeast,5Y23,10192,168,107,781,291,892,8064,75,8,379,588,266,3493,3255,1,83.7,83,6748,0,168,63,44,603,178,136,155,654,238,7953,CRA
36,7.2,University District,CRA,Northeast,5Y23,23110,81,70,344,313,15615,6749,36,80,538,841,570,2459,2225,1.7,69.4,116,4684,33,48,55,15,247,97,296,17,14287,1328,6687,CRA
37,7.3,Ravenna/Bryant,CRA,Northeast,5Y23,27047,615,322,2009,943,5135,18202,164,60,746,1876,638,7124,7594,1.2,80.9,224,14718,244,371,289,33,1578,431,805,138,4560,575,18023,CRA
38,7.4,Wedgwood/View Ridge,CRA,Northeast,5Y23,16927,376,183,1658,863,1031,12859,68,128,632,1244,772,4649,5366,1.5,77.9,196,10015,37,339,156,27,1318,340,560,303,768,263,12816,CRA
39,7.5,Laurelhurst/Sand Point,CRA,Northeast,5Y23,10943,268,122,1545,540,733,7682,4,72,262,548,266,2674,3856,1,85,76,6530,69,199,44,78,788,757,371,169,657,76,7735,CRA
40,8.1,Northgate/Maple Leaf,CRA,North,5Y23,16800,339,127,964,519,1535,13517,213,366,1356,1984,972,5431,3195,4.3,63.8,579,8626,191,148,87,40,780,184,400,119,1344,191,13316,CRA
41,8.2,Olympic Hills/Victory Heights,CRA,North,5Y23,16332,330,130,1139,381,1200,13058,448,398,1487,2233,908,3854,3730,6.5,58.1,846,7584,183,147,94,36,852,287,356,25,894,306,13152,CRA
42,8.3,Cedar Park/Meadowbrook,CRA,North,5Y23,14038,168,124,985,485,988,11520,304,409,1550,1242,526,4183,3306,6.2,65,713,7489,87,81,113,11,864,121,430,55,738,250,11288,CRA
43,9.1,Broadview/Bitter Lake,CRA,Northwest,5Y23,15513,401,71,1473,518,792,12421,252,390,1670,2403,823,4107,2776,5.2,55.4,642,6883,120,281,63,8,1177,296,450,68,676,116,12258,CRA
44,9.2,Licton Springs,CRA,Northwest,5Y23,9313,92,34,236,140,1032,7961,126,86,1117,1475,472,3022,1663,2.7,58.8,212,4685,52,40,34,0,185,51,89,51,752,280,7779,CRA
45,9.3,Greenwood/Phinney Ridge,CRA,Northwest,5Y23,26354,423,244,1795,802,1114,21269,281,368,1979,2551,1125,8742,6223,3.1,70.4,649,14965,187,236,186,58,1384,411,518,284,844,270,21976,CRA
46,9.4,Green Lake,CRA,Northwest,5Y23,16906,422,71,874,475,960,14259,93,23,797,1252,413,6549,5132,0.8,81.9,116,11681,135,287,60,11,719,155,368,107,837,123,14104,CRA
47,9.5,Haller Lake,CRA,Northwest,5Y23,10400,251,113,804,297,522,8054,284,175,911,1734,591,2490,1869,5.7,54.1,459,4359,175,76,97,16,623,181,240,57,350,172,8413,CRA
48,10.1,North Beach/Blue Ridge,CRA,Ballard,5Y23,12367,276,125,1176,465,514,9612,76,47,810,1054,632,4008,2985,1.3,72.8,123,6993,65,211,40,85,736,440,333,132,356,158,9811,CRA
49,10.2,Whittier Heights,CRA,Ballard,5Y23,14182,368,99,1125,554,1059,11280,40,27,956,964,444,5503,3346,0.6,78.4,67,8849,56,312,74,25,941,184,455,99,767,292,10977,CRA
50,10.3,Sunset Hill/Loyal Heights,CRA,Ballard,5Y23,15594,244,254,1375,715,545,12407,213,0,918,1644,790,4071,4771,1.7,71.3,213,8842,40,204,120,134,1163,212,625,90,373,172,12461,CRA
51,10.4,Ballard,CRA,Ballard,5Y23,10786,142,35,423,109,548,8763,74,44,265,1069,224,4149,2938,1.3,80.9,118,7087,19,123,0,35,327,96,109,0,377,171,9529,CRA
52,11.1,Fremont,CRA,Lake Union,5Y23,18180,230,106,598,250,1410,15252,85,135,680,1428,447,7218,5259,1.4,81.8,220,12477,0,230,96,10,458,140,232,18,1154,256,15586,CRA
53,11.2,Wallingford,CRA,Lake Union,5Y23,18037,206,187,911,488,3043,12989,107,163,670,1209,776,5304,4760,2.1,77.5,270,10064,49,157,118,69,761,150,436,52,2907,136,13202,CRA
54,11.3,Cascade/Eastlake,CRA,Lake Union,5Y23,28141,6,56,179,109,2248,24286,261,385,1329,1959,1236,8386,10730,2.7,78.7,646,19116,6,0,56,0,108,71,92,17,1353,895,25543,CRA
55,12.1,Magnolia,CRA,Magnolia/Queen Anne,5Y23,13146,324,249,1566,355,347,10171,94,21,432,1023,668,3936,3997,1.1,78,115,7933,49,275,219,30,1147,419,300,55,278,69,10305,CRA
56,12.2,Interbay,CRA,Magnolia/Queen Anne,5Y23,11751,179,43,623,196,705,10200,66,75,768,1060,879,4540,2812,1.4,72.1,141,7352,77,102,28,15,482,141,114,82,498,207,10005,CRA
57,12.3,Queen Anne,CRA,Magnolia/Queen Anne,5Y23,44787,660,356,1853,780,3857,36017,205,335,2126,4000,1909,15539,11903,1.5,76.2,540,27442,270,390,262,94,1234,619,486,294,2229,1628,37281,CRA
58,13.1,Belltown,CRA,Downtown,5Y23,11298,21,31,79,110,650,10693,136,85,858,1369,450,4316,3479,2.1,72.9,221,7795,21,0,31,0,79,0,110,0,426,224,10407,CRA
59,13.2,Downtown Commercial Core,CRA,Downtown,5Y23,6256,23,20,58,30,385,5622,139,264,566,1032,192,1592,1837,7.2,61,403,3429,0,23,0,20,58,0,0,30,255,130,5740,CRA
60,13.3,Pioneer Square/International District,CRA,Downtown,5Y23,6491,16,42,166,171,426,5588,887,665,891,734,350,1479,582,27.8,36.9,1552,2061,16,0,42,0,166,0,171,0,304,122,5670,CRA
61,0,Outside Villages,UCUV,Outside Villages,5Y23,394503,7866,4185,33189,14810,25270,307288,5346,5280,28284,38512,17807,115837,96222,3.5,69,10626,212059,2622,5244,3019,1166,24644,8545,11033,3777,18348,6922,309183,UCUV-OUT
62,101,Aurora-Licton Springs,UCUV,Residential Urban Village,5Y23,7795,76,34,163,113,926,6680,92,65,896,1328,434,2513,1352,2.4,57.9,157,3865,36,40,34,0,112,51,62,51,663,263,6483,UCUV
63,102,Greenwood-Phinney Ridge,UCUV,Residential Urban Village,5Y23,2846,16,16,97,10,120,2559,63,95,391,266,79,1138,527,6.2,65.1,158,1665,0,16,0,16,80,17,10,0,101,19,2587,UCUV
64,103,Crown Hill,UCUV,Residential Urban Village,5Y23,4236,96,47,434,87,256,3175,110,0,182,288,144,1634,817,3.5,77.2,110,2451,18,78,33,14,396,38,87,0,239,17,3316,UCUV
65,106,Upper Queen Anne,UCUV,Residential Urban Village,5Y23,4965,80,45,146,16,300,4395,0,39,290,335,266,2098,1367,0.9,78.8,39,3465,14,66,8,37,65,81,10,6,266,34,4378,UCUV
66,107,Eastlake,UCUV,Residential Urban Village,5Y23,5834,19,19,99,34,452,5224,39,0,230,427,153,2514,1861,0.7,83.7,39,4375,0,19,19,0,65,34,18,16,345,107,5211,UCUV
67,109,23rd & Union-Jackson,UCUV,Residential Urban Village,5Y23,16261,287,136,646,364,1662,13030,533,242,1425,1948,822,4485,3575,5.9,61.9,775,8060,117,170,128,8,518,128,307,57,966,696,13166,UCUV
68,110,North Beacon Hill,UCUV,Residential Urban Village,5Y23,6818,24,18,341,145,562,5606,355,269,703,587,387,2038,1267,11.1,59,624,3305,7,17,18,0,249,92,145,0,388,174,5728,UCUV
69,111,Columbia City,UCUV,Residential Urban Village,5Y23,7956,216,58,903,289,473,5795,497,171,335,704,296,2037,1755,11.5,65.4,668,3792,58,158,58,0,724,179,279,10,373,100,6017,UCUV
70,113,Admiral,UCUV,Residential Urban Village,5Y23,2683,169,36,157,89,224,2038,89,56,222,287,156,721,507,7.1,60.3,145,1228,6,163,36,0,146,11,61,28,224,0,2008,UCUV
71,114,Bitter Lake Village,UCUV,Hub Urban Village,5Y23,6738,139,34,481,333,422,5349,174,220,872,1221,469,1375,1018,7.4,44.7,394,2393,95,44,28,6,420,61,289,44,335,87,5329,UCUV
72,123,Othello,UCUV,Residential Urban Village,5Y23,13829,121,98,1299,427,1377,10119,1087,666,2878,1563,725,1879,1321,17.3,31.6,1753,3200,98,23,82,16,1021,278,420,7,1296,81,10507,UCUV
73,127,Westwood-Highland Park,UCUV,Residential Urban Village,5Y23,6012,189,18,397,322,396,4521,303,157,1040,857,356,1048,760,10.2,40,460,1808,133,56,18,0,397,0,269,53,315,81,4690,UCUV
74,128,South Park,UCUV,Residential Urban Village,5Y23,3822,52,49,326,352,147,2681,387,248,677,324,158,614,273,23.7,33.1,635,887,32,20,49,0,305,21,313,39,143,4,2896,UCUV
75,131,Madison-Miller,UCUV,Residential Urban Village,5Y23,8311,30,66,177,236,696,6887,0,13,290,740,467,2938,2439,0.2,78.1,13,5377,0,30,66,0,151,26,236,0,396,300,7106,UCUV
76,201,Lake City,UCUV,Hub Urban Village,5Y23,5086,190,58,192,44,512,4072,170,141,688,845,445,959,824,7.6,43.8,311,1783,140,50,22,36,170,22,44,0,480,32,4090,UCUV
77,202,Roosevelt,UCUV,Residential Urban Village,5Y23,4330,0,28,172,158,576,3421,0,15,138,303,52,1600,1313,0.4,85.2,15,2913,0,0,13,15,69,103,97,61,576,0,3396,UCUV
78,203,Wallingford,UCUV,Residential Urban Village,5Y23,7244,86,88,497,248,650,5513,72,79,330,584,221,2203,2024,2.7,76.7,151,4227,38,48,69,19,481,16,234,14,570,80,5675,UCUV
79,204,Rainier Beach,UCUV,Residential Urban Village,5Y23,6152,118,210,748,305,519,4199,623,101,1180,756,471,694,374,17.2,25.4,724,1068,118,0,210,0,741,7,240,65,408,111,4252,UCUV
80,205,West Seattle Junction,UCUV,Hub Urban Village,5Y23,8764,38,0,289,92,525,7834,0,167,653,1524,452,2930,2108,2.1,64.3,167,5038,0,38,0,0,185,104,92,0,375,150,7820,UCUV
81,206,Morgan Junction,UCUV,Residential Urban Village,5Y23,4693,123,45,327,35,249,4074,29,74,350,805,429,1546,841,2.5,58.6,103,2387,0,123,31,14,289,38,35,0,192,57,3914,UCUV
82,207,Green Lake,UCUV,Residential Urban Village,5Y23,3626,35,0,14,108,113,3315,29,0,261,287,39,1695,1004,0.9,81.4,29,2699,0,35,0,0,14,0,79,29,60,53,3356,UCUV
83,301,Northgate,UCUV,Urban Center,5Y23,9341,256,26,384,183,1063,7569,245,309,1054,1225,627,2452,1657,7.3,54.3,554,4109,173,83,26,0,307,77,143,40,953,110,7429,UCUV
84,302,Fremont,UCUV,Hub Urban Village,5Y23,7190,138,44,168,49,569,6008,65,11,75,574,73,3251,1959,1.3,86.7,76,5210,0,138,44,0,148,20,49,0,450,119,6222,UCUV
85,303,Ballard,UCUV,Hub Urban Village,5Y23,20662,313,108,1088,456,1208,16935,211,45,997,1669,547,7778,5688,1.5,79.5,256,13466,19,294,73,35,843,245,393,63,901,307,17489,UCUV
86,305,Mt Baker,UCUV,Hub Urban Village,5Y23,7724,151,117,765,252,430,6093,386,368,828,1008,273,1877,1353,12.4,53,754,3230,0,151,98,19,570,195,252,0,336,94,6009,UCUV
87,312,South Lake Union,UCUV,Urban Center,5Y23,11840,48,75,6,46,893,9985,18,41,527,592,584,3944,4279,0.6,82.4,59,8223,6,42,75,0,6,0,27,19,464,429,10772,UCUV
88,401,University District,UCUV,Urban Center,5Y23,29326,214,30,189,194,19869,9144,101,72,811,1338,922,3372,2528,1.9,64.5,173,5900,136,78,30,0,151,38,194,0,18398,1471,8830,UCUV
89,412,Uptown,UCUV,Urban Center,5Y23,12768,22,0,114,130,731,11368,95,154,863,1651,850,4326,3429,2.2,68.2,249,7755,22,0,0,0,60,54,130,0,495,236,11771,UCUV
90,413,Downtown,UCUV,Urban Center,5Y23,42571,101,93,393,329,2689,38174,1500,1603,3501,4802,1669,12225,12874,8.1,65.7,3103,25099,37,64,73,20,323,70,298,31,1675,1014,38966,UCUV
91,414,First Hill/Capitol Hill,UCUV,Urban Center,5Y23,48987,11,188,639,266,6841,39929,698,194,2764,5278,2120,17655,11220,2.2,72.3,892,28875,0,11,182,6,582,57,230,36,3912,2929,41042,UCUV
92,502,Greater Duwamish,UCUV,Manufacturing Industrial,5Y23,479,0,0,10,5,26,438,21,21,48,97,44,161,46,9.6,47.3,42,207,0,0,0,0,10,0,5,0,0,26,438,UCUV
