OBJECTID,Neighborhood Name,Neighborhood Type,Neighborhood Subtype,ACS Vintage,Total Households,Family Households (families),Nonfamily Households,Householder Living Alone,Households with Unrelated Roommates,Family Households with Own Children, Married/Partner Households with Own Children,Male Households with Own Children,Female Households with Own Children, Married/Partner Households without Own Children,Single Parent Households with Own Children,Other Family Households (householder living with relatives),Owner Households,Renter Households,Households with Someone <18,Households with Someone 65+,Household Population,Group Quarters Population,Owner Household Population,Renter Household Population,Family Household Population,Nonfamily Housdehold Population,Nonfamily Roommate Household Population,Total Population,NEIGH_NO,Neighborhood Type (outside comp plan areas id)
1,University District,CRA,Northeast,5Y23,6737,1253,5484,3617,1867,456,336,35,85,432,120,365,1011,5726,525,389,13762,9486,2730,11032,4251,9511,5894,23248,7.2,CRA
2,Ravenna/Bryant,CRA,Northeast,5Y23,10754,5829,4925,3091,1834,2695,2330,83,282,2818,365,316,5938,4816,2746,2288,26691,1065,15778,10913,18102,8589,5498,27756,7.3,CRA
3,Wedgwood/View Ridge,CRA,Northeast,5Y23,6978,4742,2236,1569,667,2034,1857,57,120,2475,177,233,4885,2093,2136,1763,17384,95,13131,4253,14072,3312,1743,17479,7.4,CRA
4,Laurelhurst/Sand Point,CRA,Northeast,5Y23,4452,3029,1423,1043,380,1627,1326,72,229,1337,301,65,3303,1149,1650,1325,11109,151,8757,2352,9171,1938,895,11260,7.5,CRA
5,Northgate/Maple Leaf,CRA,North,5Y23,7832,3955,3877,2673,1204,1653,979,231,443,1850,674,452,3163,4669,1706,2075,16464,824,7733,8731,11126,5338,2665,17288,8.1,CRA
6,Olympic Hills/Victory Heights,CRA,North,5Y23,7610,3765,3845,2796,1049,1678,1320,169,189,1685,358,402,4225,3385,1745,1836,16946,145,10246,6700,11668,5278,2482,17091,8.2,CRA
7,Cedar Park/Meadowbrook,CRA,North,5Y23,6764,3442,3322,2194,1128,1344,1083,34,227,1610,261,488,3240,3524,1397,2096,14417,170,7820,6597,9684,4733,2539,14587,8.3,CRA
8,Broadview/Bitter Lake,CRA,Northwest,5Y23,7836,3478,4358,3709,649,1619,1023,166,430,1524,596,335,3559,4277,1676,2746,15557,394,8150,7407,10241,5316,1607,15951,9.1,CRA
9,Licton Springs,CRA,Northwest,5Y23,4773,1580,3193,2097,1096,516,399,13,104,727,117,337,1855,2918,563,747,9504,162,4057,5447,4505,4999,2902,9666,9.2,CRA
10,Greenwood/Phinney Ridge,CRA,Northwest,5Y23,12203,6376,5827,3907,1920,2697,2309,29,359,3225,388,454,7008,5195,2882,2364,26968,305,16645,10323,18157,8811,4904,27273,9.3,CRA
11,Green Lake,CRA,Northwest,5Y23,8809,3726,5083,3644,1439,1651,1311,129,211,1911,340,164,4032,4777,1716,1853,17455,56,9975,7480,10237,7218,3574,17511,9.4,CRA
12,Council District 1,CD,,5Y23,48209,25525,22684,16409,6275,10887,7916,1007,1964,11903,2971,2735,27781,20428,11612,10385,105603,2991,66804,38799,75035,30568,14159,108594,1,CD
13,Council District 2,CD,,5Y23,43824,23697,20127,14692,5435,9747,7151,603,1993,10119,2596,3831,21520,22304,10782,11500,105357,2696,57618,47739,77218,28139,13447,108053,2,CD
14,Council District 3,CD,,5Y23,60156,18845,41311,29853,11458,6320,4284,677,1359,10928,2036,1597,20642,39514,6790,9497,106095,1917,46084,60011,50605,55490,25637,108012,3,CD
15,Council District 4,CD,,5Y23,42569,18862,23707,16300,7407,8178,6922,322,934,9110,1256,1574,18939,23630,8473,7142,93349,10950,49372,43977,56263,37086,20786,104299,4,CD
16,Council District 5,CD,,5Y23,47887,23890,23997,16811,7186,10032,7445,704,1883,10838,2587,3020,23856,24031,10394,12218,104153,2055,58010,46143,69834,34319,17508,106208,5,CD
17,Council District 6,CD,,5Y23,50023,23414,26609,18183,8426,10611,9037,510,1064,11687,1574,1116,27442,22581,11155,10177,105012,392,65052,39960,67124,37888,19705,105404,6,CD
18,Council District 7,CD,,5Y23,60719,17004,43715,33579,10136,4187,3260,221,706,11721,927,1096,16241,44478,4274,7498,97122,4759,31946,65176,41420,55702,22123,101881,7,CD
19,Arbor Heights,CRA,Southwest,5Y23,2693,1839,854,698,156,796,498,75,223,932,298,111,2317,376,884,846,6134,11,5359,775,5095,1039,341,6145,1.1,CRA
20,Fauntleroy/Seaview,CRA,Southwest,5Y23,6879,3865,3014,1978,1036,1719,1415,34,270,1983,304,163,4703,2176,1741,1714,15023,97,11026,3997,10874,4149,2171,15120,1.2,CRA
21,West Seattle Junction/Genesee Hill,CRA,Southwest,5Y23,11240,5391,5849,4493,1356,2477,2043,261,173,2539,434,375,5556,5684,2537,2170,23458,342,14272,9186,15988,7470,2977,23800,1.3,CRA
22,Alki/Admiral,CRA,Southwest,5Y23,5595,3107,2488,1684,804,1207,888,136,183,1736,319,164,3368,2227,1240,1591,11868,218,7741,4127,8487,3381,1697,12086,1.4,CRA
23,North Delridge,CRA,Delridge Neighborhoods,5Y23,3079,1145,1934,1470,464,277,277,0,0,616,0,252,1675,1404,283,487,5786,17,3540,2246,3079,2707,1237,5803,2.1,CRA
24,Columbia City,UCUV,Residential Urban Village,5Y23,3647,1793,1854,1460,394,854,561,0,293,646,293,293,1306,2341,903,646,8156,75,3446,4710,5852,2304,844,8231,111,UCUV
25,Admiral,UCUV,Residential Urban Village,5Y23,1382,648,734,625,109,370,222,88,60,256,148,22,706,676,370,447,2731,64,1768,963,1884,847,222,2795,113,UCUV
26,Bitter Lake Village,UCUV,Hub Urban Village,5Y23,3626,1484,2142,1810,332,652,306,55,291,504,346,328,1437,2189,706,1145,6876,70,3280,3596,4205,2671,861,6946,114,UCUV
27,Othello,UCUV,Residential Urban Village,5Y23,5196,3031,2165,1542,623,1248,987,14,247,1029,261,754,2367,2829,1480,1694,14244,118,6830,7414,11131,3113,1571,14362,123,UCUV
28,Westwood-Highland Park,UCUV,Residential Urban Village,5Y23,2622,1519,1103,684,419,654,449,121,84,472,205,393,1432,1190,753,471,6117,10,3369,2748,4564,1553,869,6127,127,UCUV
29,South Park,UCUV,Residential Urban Village,5Y23,1482,900,582,390,192,494,252,54,188,289,242,117,688,794,542,212,4000,60,1816,2184,3068,932,542,4060,128,UCUV
30,Madison-Miller,UCUV,Residential Urban Village,5Y23,4802,1262,3540,2360,1180,466,397,15,54,685,69,111,1460,3342,466,376,8420,116,3488,4932,3381,5039,2679,8536,131,UCUV
31,Lake City,UCUV,Hub Urban Village,5Y23,2853,896,1957,1506,451,478,336,82,60,280,142,138,573,2280,478,765,5355,0,1499,3856,2860,2495,989,5355,201,UCUV
32,Roosevelt,UCUV,Residential Urban Village,5Y23,2413,617,1796,1537,259,228,182,0,46,346,46,43,492,1921,253,215,4377,0,1517,2860,2007,2370,833,4377,202,UCUV
33,Wallingford,UCUV,Residential Urban Village,5Y23,3736,1340,2396,1755,641,704,554,101,49,494,150,142,1168,2568,723,555,7413,11,3175,4238,4063,3350,1595,7424,203,UCUV
34,Rainier Beach,UCUV,Residential Urban Village,5Y23,2253,1411,842,754,88,577,269,0,308,614,308,220,853,1400,749,508,6335,95,2301,4034,5244,1091,337,6430,204,UCUV
35,High Point,CRA,Delridge Neighborhoods,5Y23,3709,2273,1436,1005,431,1024,587,97,340,819,437,430,1802,1907,1091,567,9161,71,4169,4992,7081,2080,1075,9232,2.2,CRA
36,Riverview,CRA,Delridge Neighborhoods,5Y23,1878,1220,658,324,334,566,410,103,53,539,156,115,1445,433,580,314,5005,18,3885,1120,3863,1142,818,5023,2.3,CRA
37,Roxhill/Westwood,CRA,Delridge Neighborhoods,5Y23,5825,3303,2522,1674,848,1382,914,190,278,1308,468,613,3506,2319,1594,1108,13412,572,8338,5074,9868,3544,1870,13984,2.4,CRA
38,Highland Park,CRA,Delridge Neighborhoods,5Y23,3253,1994,1259,962,297,819,569,52,198,845,250,330,2083,1170,964,1075,8130,22,5546,2584,6481,1649,687,8152,2.5,CRA
39,South Park,CRA,Greater Duwamish,5Y23,1482,900,582,390,192,494,252,54,188,289,242,117,688,794,542,212,4000,60,1816,2184,3068,932,542,4060,3.1,CRA
40,Georgetown,CRA,Greater Duwamish,5Y23,702,178,524,383,141,69,57,5,7,58,12,51,419,283,99,109,1181,0,761,420,494,687,304,1181,3.2,CRA
41,Duwamish/SODO,CRA,Greater Duwamish,5Y23,1628,612,1016,860,156,158,106,9,43,331,52,123,624,1004,184,339,2841,523,1448,1393,1658,1183,323,3364,3.3,CRA
42,South Beacon Hill/NewHolly,CRA,Greater Duwamish,5Y23,4920,3290,1630,1237,393,1324,959,126,239,1300,365,666,2828,2092,1615,1784,15440,170,9043,6397,13007,2433,1196,15610,3.4,CRA
43,Beacon Hill,CRA,Greater Duwamish,5Y23,3009,2195,814,483,331,928,791,68,69,990,137,277,2181,828,1035,1095,9248,84,6849,2399,7904,1344,861,9332,3.5,CRA
44,North Beacon Hill/Jefferson Park,CRA,Greater Duwamish,5Y23,7191,3550,3641,2426,1215,1132,803,154,175,1899,329,519,3341,3850,1195,1709,15089,213,7662,7427,9618,5471,3045,15302,3.6,CRA
45,Rainier Beach,CRA,Southeast,5Y23,5837,3845,1992,1389,603,1558,1035,16,507,1599,523,688,3747,2090,1814,1769,15719,147,9700,6019,12781,2938,1549,15866,4.1,CRA
46,Columbia City,CRA,Southeast,5Y23,8928,4750,4178,3075,1103,2098,1462,36,600,1656,636,996,4236,4692,2258,1905,20978,396,10898,10080,15184,5794,2719,21374,4.2,CRA
47,Seward Park,CRA,Southeast,5Y23,4017,2785,1232,890,342,1418,1240,91,87,1051,178,316,2861,1156,1538,1124,10955,243,7694,3261,9262,1693,803,11198,4.3,CRA
48,Mt. Baker/North Rainier,CRA,Southeast,5Y23,3114,1883,1231,893,338,827,637,80,110,802,190,254,1737,1377,839,818,7150,29,4150,3000,5299,1851,958,7179,4.4,CRA
49,Madrona/Leschi,CRA,Central,5Y23,5010,3136,1874,1188,686,1316,854,153,309,1516,462,304,3490,1520,1585,1312,11646,200,8700,2946,8961,2685,1497,11846,5.1,CRA
50,Judkins Park,CRA,Central,5Y23,2337,654,1683,1169,514,301,127,29,145,251,174,102,508,1829,311,677,4135,121,942,3193,1860,2275,1106,4256,5.2,CRA
51,Central Area/Squire Park,CRA,Central,5Y23,10600,3494,7106,4464,2642,1389,948,279,162,1723,441,382,4483,6117,1539,1694,21330,373,10324,11006,10206,11124,6660,21703,5.3,CRA
52,First Hill,CRA,East,5Y23,10409,2425,7984,6035,1949,331,190,19,122,1915,141,179,1453,8956,343,1644,16100,3195,2635,13465,5633,10467,4432,19295,6.1,CRA
53,Capitol Hill,CRA,East,5Y23,19740,2494,17246,13527,3719,443,296,53,94,1794,147,257,2455,17285,443,1255,26602,126,3850,22752,5485,21117,7590,26728,6.2,CRA
54,North Capitol Hill,CRA,East,5Y23,2759,932,1827,1364,463,225,179,0,46,659,46,48,1147,1612,225,396,4752,21,2354,2398,2371,2381,1017,4773,6.3,CRA
55,Miller Park,CRA,East,5Y23,3794,1830,1964,1361,603,674,576,0,98,1022,98,134,2119,1675,715,732,8157,140,5531,2626,5366,2791,1430,8297,6.4,CRA
56,Madison Park,CRA,East,5Y23,2641,1614,1027,824,203,825,407,21,397,756,418,33,1458,1183,825,714,5762,82,3703,2059,4525,1237,413,5844,6.5,CRA
57,Montlake/Portage Bay,CRA,Northeast,5Y23,4877,2414,2463,1709,754,856,649,128,79,1431,207,127,3048,1829,856,966,10308,35,7420,2888,6799,3509,1800,10343,7.1,CRA
58,Haller Lake,CRA,Northwest,5Y23,4478,2632,1846,1219,627,1074,773,38,263,954,301,604,2721,1757,1095,1033,10764,115,7090,3674,8032,2732,1513,10879,9.5,CRA
59,North Beach/Blue Ridge,CRA,Ballard,5Y23,5273,3294,1979,1142,837,1441,1307,16,118,1653,134,200,3976,1297,1470,1373,12654,69,10207,2447,9528,3126,1984,12723,10.1,CRA
60,Whittier Heights,CRA,Ballard,5Y23,6676,3363,3313,1927,1386,1567,1244,149,174,1609,323,187,3377,3299,1588,774,14554,26,8426,6128,9673,4881,2954,14580,10.2,CRA
61,Sunset Hill/Loyal Heights,CRA,Ballard,5Y23,7542,3652,3890,3067,823,1709,1494,94,121,1841,215,102,4678,2864,1826,2096,16149,17,11446,4703,11312,4837,1770,16166,10.3,CRA
62,Ballard,CRA,Ballard,5Y23,6707,1641,5066,3696,1370,702,574,23,105,857,128,82,2045,4662,749,821,11132,33,3680,7452,4433,6699,3003,11165,10.4,CRA
63,Fremont,CRA,Lake Union,5Y23,10271,3288,6983,4636,2347,937,790,20,127,1950,147,401,3750,6521,1057,1112,18442,177,7898,10544,8425,10017,5381,18619,11.1,CRA
64,Wallingford,CRA,Lake Union,5Y23,8690,3166,5524,3659,1865,1399,1152,106,141,1395,247,372,2908,5782,1437,1136,18339,95,7595,10744,9115,9224,5565,18434,11.2,CRA
65,Cascade/Eastlake,CRA,Lake Union,5Y23,18525,3783,14742,10497,4245,453,293,0,160,2978,160,352,2366,16159,463,1663,27460,894,4205,23255,8261,19199,8702,28354,11.3,CRA
66,Magnolia,CRA,Magnolia/Queen Anne,5Y23,5753,3834,1919,1523,396,2042,1869,41,132,1663,173,129,4491,1262,2070,1674,13760,12,11140,2620,11397,2363,840,13772,12.1,CRA
67,Interbay,CRA,Magnolia/Queen Anne,5Y23,6273,2568,3705,2320,1385,1029,806,76,147,1357,223,182,2116,4157,1052,879,11880,224,4483,7397,6569,5311,2991,12104,12.2,CRA
68,Queen Anne,CRA,Magnolia/Queen Anne,5Y23,25423,7914,17509,13529,3980,2494,2024,90,380,4942,470,478,9241,16182,2544,3544,43321,2184,19252,24069,20653,22668,9139,45505,12.3,CRA
69,Belltown,CRA,Downtown,5Y23,7794,2076,5718,4977,741,147,81,33,33,1843,66,86,2275,5519,147,867,11037,261,3509,7528,4453,6584,1607,11298,13.1,CRA
70,Downtown Commercial Core,CRA,Downtown,5Y23,3956,950,3006,2549,457,138,51,53,34,788,87,24,816,3140,138,647,5504,796,1267,4237,2024,3480,931,6300,13.2,CRA
71,Pioneer Square/International District,CRA,Downtown,5Y23,4132,783,3349,2791,558,227,115,18,94,523,112,33,164,3968,227,1190,6068,478,310,5758,2113,3955,1164,6546,13.3,CRA
72,Outside Villages,UCUV,Outside Villages,5Y23,171531,97543,73988,50262,23726,42720,34454,2418,5848,46564,8266,8259,109219,62312,44873,41930,400794,6692,273710,127084,291977,108817,58555,407486,0,UCUV-OUT
73,Aurora-Licton Springs,UCUV,Residential Urban Village,5Y23,3937,1227,2710,1691,1019,392,300,13,79,536,92,299,1421,2516,412,449,7923,158,3040,4883,3581,4342,2651,8081,101,UCUV
74,Greenwood-Phinney Ridge,UCUV,Residential Urban Village,5Y23,1571,626,945,634,311,99,88,0,11,401,11,126,645,926,99,173,2867,13,1326,1541,1569,1298,664,2880,102,UCUV
75,Crown Hill,UCUV,Residential Urban Village,5Y23,1763,1051,712,332,380,606,516,20,70,400,90,45,1211,552,621,296,4395,0,3288,1107,3209,1186,854,4395,103,UCUV
76,Upper Queen Anne,UCUV,Residential Urban Village,5Y23,3279,949,2330,1990,340,205,169,5,31,688,36,56,1323,1956,208,503,4964,10,2396,2568,2283,2681,691,4974,106,UCUV
77,Eastlake,UCUV,Residential Urban Village,5Y23,3565,954,2611,1725,886,112,52,17,43,826,60,16,1135,2430,112,409,5852,0,2228,3624,2121,3731,2006,5852,107,UCUV
78,23rd & Union-Jackson,UCUV,Residential Urban Village,5Y23,7806,3319,4487,2632,1855,1139,649,181,309,1760,490,420,3244,4562,1464,1909,16260,464,7283,8977,8967,7293,4661,16724,109,UCUV
79,North Beacon Hill,UCUV,Residential Urban Village,5Y23,3298,1622,1676,1060,616,562,357,71,134,890,205,170,1651,1647,573,658,6915,51,3733,3182,4213,2702,1642,6966,110,UCUV
80,West Seattle Junction,UCUV,Hub Urban Village,5Y23,5733,1686,4047,3259,788,639,417,168,54,929,222,118,1831,3902,639,804,8927,40,3372,5555,4031,4896,1637,8967,205,UCUV
81,Morgan Junction,UCUV,Residential Urban Village,5Y23,2300,1163,1137,622,515,502,400,0,102,570,102,91,1320,980,502,445,4896,11,3031,1865,3216,1680,1058,4907,206,UCUV
82,Green Lake,UCUV,Residential Urban Village,5Y23,2424,576,1848,1411,437,183,129,19,35,323,54,70,544,1880,200,498,3601,51,965,2636,1274,2327,916,3652,207,UCUV
83,Northgate,UCUV,Urban Center,5Y23,5083,2059,3024,2095,929,783,347,143,293,1026,436,250,978,4105,804,1339,9437,110,2258,7179,5401,4036,1941,9547,301,UCUV
84,Fremont,UCUV,Hub Urban Village,5Y23,4433,1164,3269,2285,984,288,236,0,52,769,52,107,1226,3207,336,313,7247,74,2566,4681,2846,4401,2116,7321,302,UCUV
85,Ballard,UCUV,Hub Urban Village,5Y23,11912,3657,8255,5644,2611,1554,1122,158,274,1868,432,235,3848,8064,1681,1382,21323,42,7966,13357,10101,11222,5578,21365,303,UCUV
86,Mt Baker,UCUV,Hub Urban Village,5Y23,3484,1740,1744,1393,351,934,738,78,118,438,196,368,1538,1946,946,932,7750,228,3930,3820,5395,2355,962,7978,305,UCUV
87,South Lake Union,UCUV,Urban Center,5Y23,8217,1277,6940,5199,1741,312,201,0,111,929,111,36,188,8029,312,510,11505,471,297,11208,2781,8724,3525,11976,312,UCUV
88,University District,UCUV,Urban Center,5Y23,10053,1687,8366,5467,2899,417,188,42,187,755,229,515,702,9351,463,524,19221,10189,1358,17863,4922,14299,8832,29410,401,UCUV
89,Uptown,UCUV,Urban Center,5Y23,8666,1881,6785,5644,1141,166,166,0,0,1439,0,276,1772,6894,176,934,12134,691,2779,9355,4061,8073,2429,12825,412,UCUV
90,Downtown,UCUV,Urban Center,5Y23,27067,6535,20532,16700,3832,712,374,104,234,5441,338,382,4979,22088,712,3873,39298,3490,8164,31134,14473,24825,8125,42788,413,UCUV
91,First Hill/Capitol Hill,UCUV,Urban Center,5Y23,32931,5544,27387,21175,6212,888,585,72,231,4101,303,555,5017,27914,900,3444,46861,2356,8439,38422,12633,34228,13053,49217,414,UCUV
92,Greater Duwamish,UCUV,Manufacturing Industrial,5Y23,322,76,246,184,62,24,12,5,7,38,12,14,147,175,24,58,497,0,268,229,186,311,127,497,502,UCUV
