OBJECTID,NAME,OWNER,Spatial Data Quality Level,GLOBALID,Shape__Area,Shape__Length
325,Sakuma Viewpoint,UW,QL-D3,2d4e05ca-acc0-4d70-88da-7621bd0187f9,15637.74609375,533.437801972068
326,Ruby Chow Park,Private,QL-D3,f8cac838-2f88-4fd7-baff-f535e81c47a9,79997.7561950684,1232.08840673849
327,Seattle Center,CoS,QL-D3,86688b41-0a0a-4d9d-8705-fb8f9b174976,131142.391784668,1475.00836028184
328,Shilshole Bay Marina,Port,QL-D3,d13391eb-b23c-4393-9ec3-d1e06d3cd615,732177.02911377,8804.55155143377
329,Burke-Gilman Trail,SDOT,QL-D3,c289a6b3-36d7-4af7-8ab6-11dd21aadd5e,6102.4280090332,1159.86581570162
330,Myrtle Edwards Park,SDOT,QL-D3,0e4c3af4-856b-456a-93cc-39d6bc39846e,17366.0489196777,616.681842751127
331,Olympic Sculpture Park,SAM,QL-D3,355594ac-6755-4717-a3c4-c3c30a7488c4,165746.175628662,1894.14761047403
332,Burke-Gilman Trail,SDOT,QL-D3,4d43eadb-eec8-41a8-8c3c-c50431c30680,1426.8557434082,188.778826142105
333,South Ship Canal Trail,SDOT,QL-D3,2d4813f1-9517-4bd7-b21f-66e067fbfc7d,219545.734954834,8352.89071361262
334,Jack Block Park,Port,QL-D3,04118440-7c49-45f3-aab5-71e2d5102f3a,336043.294570923,7761.51908123025
335,Myrtle Edwards Park,SDOT,QL-D3,bacc16d8-7448-43ef-9ebd-4e93ea188e3a,33619.5103149414,922.115426207729
336,Burke-Gilman Trail,SDOT,QL-D3,8c5ffae3-96ad-43fb-ba0e-f1d330d20f88,23196.7379455566,700.491300616771
337,Burke-Gilman Trail,SDOT,QL-D3,2720a7ce-bd17-4dfd-b6a8-2a8d420e446a,8583.67013549805,643.303252407908
338,Burke-Gilman Trail,SDOT,QL-D3,4c000713-94a3-48f6-a9cb-1e97bec38d78,1291.31997680664,218.99284280605
339,Terminal 18 Public Access Park,Port,QL-D3,85170125-23c8-45a5-9b52-ba6aca6d4eac,56790.8348236084,1273.71292069382
340,Seattle Center,CoS,QL-D3,194a7d5d-353b-42ac-8706-440928d7f750,311369.118225098,2313.73753416858
341,Burke-Gilman Trail,SDOT,QL-D3,b89da42e-8343-4283-8371-b4d9883391b9,15401.6473999023,2688.48781666936
342,Burke-Gilman Trail,SDOT,QL-D3,a37ab11f-4f79-4278-ac1f-94d526f96fbe,25136.2229309082,1016.17196519991
343,Burke-Gilman Trail,UW,QL-D3,dec4fa19-c21b-4ed5-b14a-3890b26728cf,207627.013275146,6567.14834618898
344,Burke-Gilman Trail,SDOT,QL-D3,5f4e2a47-0be9-4a60-9d3e-ed621caba636,17636.0249328613,2541.39859682472
345,Burke-Gilman Trail,SDOT,QL-D3,adca247f-4489-4eb7-9834-56ca11c3253b,8379.02853393555,1369.07691630488
346,Burke-Gilman Trail,SDOT,QL-D3,5b841bb1-c1fa-405a-a3a2-db443849565c,4267.63528442383,389.77543626169
347,Burke-Gilman Trail,SDOT,QL-D3,f733fa6d-c326-4145-8778-a00e9ea37971,3618.78765869141,300.644171548926
348,Burke-Gilman Trail,SDOT,QL-D3,e61ecec5-d778-4b8b-825f-91605dfa52d8,13364.0309448242,489.641519121321
349,Montlake Cut,ACoE,QL-D3,7a047bb3-0488-4d5e-890a-c1c18c8db599,157104.471893311,4324.83978058148
350,Burke-Gilman Trail,SDOT,QL-D3,bb65fcf0-9b5f-4e80-860c-5f1ff15b20f4,22888.0464172363,2642.62708017479
351,Seattle Center,CoS,QL-D3,6b43ffb9-29b9-4b6d-a8b3-15bd6d4f28f2,282802.299468994,2166.15394463345
352,Burke-Gilman Trail,SDOT,QL-D3,ca737313-7d54-449f-9ad8-c01cf86de235,12971.831817627,2041.13921237954
353,Seattle Center,CoS,QL-D3,cd1f5f74-0258-4612-81e7-d10ec8177a0a,364772.843658447,4666.40833000253
354,Burke-Gilman Trail,SDOT,QL-D3,50444e43-dfec-4a13-ba29-8dd23110fb0a,8250.00378417969,640.779881453455
355,Burke-Gilman Trail,SDOT,QL-D3,09108165-5e07-4794-a75a-051116ba0f65,8568.24472045898,642.656126054599
356,Union Bay Natural Area,UW,QL-D3,16b34958-a663-465c-8bbc-19d11b3e6848,2311445.43612671,7939.52440006681
357,Burke-Gilman Trail,SDOT,QL-D3,bac57198-d335-4cbc-8300-6dbf00bdfd4a,12913.7763061523,1500.4280752624
358,Hiram M. Chittenden Locks,ACoE,QL-D3,199bfb20-7a2f-42e8-b49d-e56a285dc556,67787.7295837402,1122.97267734913
359,Burke-Gilman Trail,UW,QL-D3,294d12a8-da59-4762-95d8-5965567a13a1,112080.167694092,5403.56476156509
360,Burke-Gilman Trail,SDOT,QL-D3,f11e294a-7be6-4ca2-b3ff-decd44af513e,3762.10592651367,490.534444747195
361,Montlake Cut,ACoE,QL-D3,fa53f8b9-b271-4e39-bbea-d1a953458cc3,495374.183441162,5939.21892826822
362,Terminal 115 Viewpoint,Port,QL-D3,cbf2972c-043a-46e0-8f81-a9782d6cb15e,63387.7020568848,1043.0156740649
363,Burke-Gilman Trail,SDOT,QL-D3,a869c8cc-7330-4bff-a2df-4edb1e5b7b83,4900.43856811523,1002.64250322809
364,Seattle Center,CoS,QL-D3,60eae8b4-4289-47f1-a827-5be51c606646,135954.749664307,1495.35562738621
365,Seattle Center,CoS,QL-D3,cf61ba11-ab42-4d7d-85d3-01cdcf2f4880,19305.0864868164,561.736013027662
366,"Carl S English, Jr Gardens",ACoE,QL-D3,ecb5026a-37b0-42ea-9c3f-e4163070431b,155464.498046875,1576.03606604719
367,Centennial Park,Port,QL-D3,9c36f0af-c096-46c4-b520-b3d0e13f9b9e,563356.794525146,8587.31423980898
368,Seattle Center,CoS,QL-D3,0ad5f369-0c29-48ec-86bb-21c190b45eb2,490392.15512085,2860.67690700907
369,Fishermen's Terminal,Port,QL-D3,e8a60383-be20-48e6-b4a5-ffeece7874d6,1156709.56463623,6854.49006753299
370,Seattle Center,CoS,QL-D3,804a87d9-2d47-4846-b93b-adceba54a03b,120025.393768311,1415.0298544165
371,Burke-Gilman Trail,SDOT,QL-D3,889bdf73-c3d9-4176-8eb9-5d0ff1e60be8,15391.8824768066,1318.59719699638
372,Olympic Sculpture Park,SAM,QL-D3,b5b87848-c831-4934-a809-3f9c7b1d6341,105637.701873779,1825.45912380873
373,Burke-Gilman Trail,SDOT,QL-D3,7997628f-9aec-4150-903e-31d25e1b57cc,8586.92437744141,643.917792376343
374,Bell Street Pier at Pier 66,Port,QL-D3,38cd08bb-8f4e-4a51-848e-83e99b901239,34990.4463806152,1142.1281807616
375,Fortson Square,SDOT,QL-D3,d26872b2-5ef6-4dec-8438-6d8b7a9cf0b7,520.037506103516,114.999883459626
376,Harbor Marina Corporate Center,Port,QL-D3,be3b3a30-9414-4ed0-aee7-2fae883a63d9,73732.504486084,3599.6809946744
377,Hiram M. Chittenden Locks,ACoE,QL-D3,39e86777-659c-400c-b9ea-df927dc15c31,21390.5110778809,1025.17909699494
378,Burke-Gilman Trail,SDOT,QL-D3,b24ebd86-df05-493f-b889-aef1f3a4b670,11602.8958435059,812.676999405578
379,Spokane Street Bridge,SDOT,QL-D3,7ffdeb6a-ff11-467f-9137-b3728ecbd15b,30220.3924102783,1116.56187524713
380,El Centro De La Raza,Non-Profit,QL-D3,2f3a8a24-a9ce-41de-a140-71a6178de4d9,10940.7174530029,422.401487811508
381,Waterfall Park,Private,QL-D3,cdabd6f4-99f8-46e6-9ed1-4dbc8d1f0279,6235.44912719727,327.878600126207
382,Burke-Gilman Trail,SDOT,QL-D3,d1b77477-27b2-404f-bc14-d0ed83cda8fe,20656.9793395996,3772.17278554909
383,Burke-Gilman Trail,SDOT,QL-D3,78073099-1626-4380-aa09-ef908cf0c8ce,1042.8193359375,156.289060119988
384,Hiram M. Chittenden Locks,ACoE,QL-D3,c1874f6e-744e-4fed-8447-5b1635b7253a,129302.851715088,2436.44046532708
385,Burke-Gilman Trail,UW,QL-D3,a8b983af-7274-472b-b94f-8c333fabcd1d,80099.9472045898,3329.16461990488
386,Burke-Gilman Trail,SDOT,QL-D3,91170e7d-3660-4981-9cca-c856b3364994,98232.5928649902,5515.61675980433
387,"Carl S English, Jr Gardens",ACoE,QL-D3,57c7b63f-0e05-443f-93e1-2973b2ef4559,68425.0554504395,1286.86948768289
388,Washington Street End,SDOT,QL-D3,ccf2fd84-fb19-4d6c-accc-82ba363e4e4b,2776.22964477539,261.375790358696
389,Seattle Center,CoS,QL-D3,f358f365-91e2-472e-b574-da1c661b3f0e,137080.392791748,1495.53447102493
390,Seattle Center,CoS,QL-D3,55567f82-2cbd-42e5-9454-001990429de6,43891.0668640137,867.526373164431
391,Seattle Center,CoS,QL-D3,4c5f3fdb-54a5-4f4f-8621-66ff5da575a9,137043.642303467,1495.35683925132
392,Burke-Gilman Trail,SDOT,QL-D3,7fbf8e34-db11-4628-9270-c26a1bfb56f7,3491.8505859375,490.657312389371
393,Burke-Gilman Trail,SDOT,QL-D3,a9fc9a74-7cda-40ef-a77a-3eead606b3b1,3231.99206542969,598.020924359244
394,Seattle Center,CoS,QL-D3,5cb68018-68f3-4b37-9ef2-13b4d3295e54,137104.581878662,1495.72133620469
395,Seattle Center,CoS,QL-D3,e4701649-25f6-4bd0-8cee-656b0db80dd8,129663.712768555,1666.2943551756
396,Hahahpoos Village Park,Port,QL-D3,2be5c608-8109-4b15-8db6-493897c49932,345205.059463501,2961.99333071594
397,Salmon Cove Park,Port,QL-D3,8306e6f0-538f-42ef-847a-70b01fbd8306,267643.373916626,2421.07732179049
398,Bridge Gear Park,Port,QL-D3,e927a21f-8785-41d9-8da9-715acfcf9862,7478.78573608398,332.203197464927
399,Duwamish River Peoples Park,Port,QL-D3,e2ba467f-9dc8-4462-9e97-522c51cd9f63,248684.98210144,4276.31140242974
400,Toolalt Village Park,Port,QL-D3,e74fa66a-029a-4033-a239-97ed03648d40,116133.266326904,2315.5878182619
401,Sbaqwah Park,Port,QL-D3,43de15eb-a10d-43c2-bea3-3dd4d34751bc,392635.264892578,3105.64609077104
402,Peace Park,CoS,QL-D3,d6a596ab-0aac-4d8a-a60f-99fb679faf6d,28692.0983886719,1207.3475459994
403,Tathtathootseed Park,Port,QL-D3,e61c8026-4fdc-47c1-94a6-e362717c0053,19076.278213501,826.153927552881
404,Jack Perry Memorial Park,Port,QL-D3,85d3eb69-772d-4160-806e-e2a182946936,66620.396270752,2124.85319715352
405,Habitat Beach,WSDOT,QL-D3,38dd075d-7cf9-49a3-9e9e-662bda0497d5,40155.686126709,822.067529428379
